0,1883,iot.eclipse.org
0,1883,test.mosquitto.org
0,1883,dev.rabbitmq.com
0,1883,broker.mqtt-dashboard.com
0,1883,q.m2m.io
0,18443,www.cloudmqtt.com
0,1883,mqtt.simpleml.com
0,1883,mqtt.eclipseprojects.io
0,1883,broker.mqttdashboard.com
0,1883,broker.emqx.io
0,1883,broker.hivemq.com
0,1883,mqtt1.p2pd.net
0,1883,iothook.com
0,1883,test.mosca.io
0,1883,publicmqttbroker.iiotmq.com
0,1883,mqtt.eclipse.org
0,1883,mqtt.flespi.io
0,1883,mqtt.dioty.co
0,1883,mqtt.fluux.io
0,1883,cloudmqtt.com
0,1883,public.mqtthq.com
0,1883,mqtt.eclipseprojects.ioâ€‹
0,1883,broker-cn.emqx.io
0,1883,www.cloudmqtt.com
0,1883,mqtt.swifitch.cz
0,1883,broker.bevywise.com
0,1883,console.solace.cloud
0,1883,node02.myqtthub.com
0,1883,mqtt.crysk.net
0,1883,mqtt.tago.io
0,1883,iot.coreflux.cloud
0,1883,broker.mqtt.cool
0,1883,mqtt.iotindustries.sk
0,1883,public.mqttserver.eu
0,1883,public.mqtt.pro
0,1883,dev.rightech.io
0,1883,mqtt.lonelybinary.com
0,1883,public-mqtt-broker.bevywise.com
0,1883,smartcampus.maua.br
0,1883,mqtt.beebotte.com